<?xml version="1.0" encoding="UTF-8"?>
<metadata xml:lang="pl"><Esri><CreaDate>20240627</CreaDate><CreaTime>13471800</CreaTime><ArcGISFormat>1.0</ArcGISFormat><SyncOnce>TRUE</SyncOnce><ModDate>20240627</ModDate><ModTime>135343</ModTime></Esri><toolbox name="38a_Obliczanie_powierzchni_i_procentu_udzialu_danych_zasiegowych_z_rastrana_27_06_2024_script_tool" alias="toolbox"><arcToolboxHelpPath>c:\program files\arcgis\pro\Resources\Help\gp</arcToolboxHelpPath><toolsets/></toolbox><dataIdInfo><idCitation><resTitle>38a_Obliczanie_powierzchni_i_procentu_udzialu_danych_zasiegowych_z_rastrana_27_06_2024_script_tool</resTitle></idCitation></dataIdInfo><distInfo><distributor><distorFormat><formatName>ArcToolbox Toolbox</formatName></distorFormat></distributor></distInfo></metadata>
